{
    "31KL": {
        "scale": 0.7745513102222479,
        "shift": 0.10918229332935722
    },
    "33KL": {
        "scale": 0.3865561439456782,
        "shift": 0.01907001272467932
    },
    "33LD": {
        "scale": 0.4256323197498761,
        "shift": 0.02437598349661958
    },
    "36KL": {
        "scale": 0.2976514404677139,
        "shift": 0.05504470250464479
    },
    "37KL": {
        "scale": 0.5832996433309036,
        "shift": -0.0038275983593903606
    },
    "37PS": {
        "scale": 0.33263317561062977,
        "shift": 0.036538716032913664
    },
    "38LD": {
        "scale": 0.28916935300870866,
        "shift": -0.0033185739559482156
    },
    "39LD": {
        "scale": 0.45422331236752844,
        "shift": 0.08270777896386344
    },
    "40KL": {
        "scale": 0.2061993823901508,
        "shift": 0.014025443290592835
    },
    "40PS": {
        "scale": 0.411247310805492,
        "shift": 0.029691305882613307
    },
    "41KL": {
        "scale": 0.35368390372815556,
        "shift": 0.01800874466468602
    },
    "41PS": {
        "scale": 0.20345163099992852,
        "shift": 0.02829222552198667
    },
    "44KL": {
        "scale": 0.2148291916728752,
        "shift": 0.04870502267357432
    },
    "46PS": {
        "scale": 0.2482242742396625,
        "shift": 0.04246419282316474
    },
    "48KL": {
        "scale": 0.2599786765805723,
        "shift": 0.05780915450597923
    },
    "48PS": {
        "scale": 0.5184851912680588,
        "shift": 0.03999129051977478
    },
    "49PS": {
        "scale": 0.2765781544486321,
        "shift": 0.0122592732631334
    },
    "55LS": {
        "scale": 0.32279531949475126,
        "shift": -0.0006358350291116039
    },
    "55PS": {
        "scale": 0.33477574814829963,
        "shift": 0.020242016018029465
    },
    "57LS": {
        "scale": 0.405845051910678,
        "shift": 0.028544448387550752
    },
    "57PS": {
        "scale": 0.432551005990528,
        "shift": 0.06206681036183179
    },
    "59PS": {
        "scale": 0.6253476467567376,
        "shift": 0.004559446709712687
    },
    "62LN": {
        "scale": 0.3515011369295829,
        "shift": 0.05826085919527739
    },
    "62PS": {
        "scale": 0.33263945011492985,
        "shift": 0.08226015885550682
    },
    "63LN": {
        "scale": 0.5681774307998676,
        "shift": 0.014105225395002974
    },
    "71LN": {
        "scale": 0.27008175250939925,
        "shift": 0.11757108184209221
    },
    "80PS": {
        "scale": 0.45902798663171945,
        "shift": 0.0038221368064249883
    },
    "85LN": {
        "scale": 0.4575291094622716,
        "shift": 0.10959386483181402
    }
}